Product ID,SKU,Product Name,Options,Quantity,Price,Reference,Warehouse,Date,Movement ID
4012,EAR-BZ-GLD,Bezel Set Gold,,-4,36.99,Stock Check,028 AZ Scottsdale Fashion,03/07/2026 11:53,MV-90286
4003,EAR-HG-SLV,Huggie Silver Hoops,,-1,32.99,Transfer T-484,040 HI Ala Moana,03/07/2026 11:51,MV-90434
4022,EAR-PL-THN,Plain Thin Ring,,-2,14.99,Stock Check,017 FL International Plaza,03/06/2026 10:29,MV-90173
4022,EAR-PL-THN,Plain Thin Ring,,1,14.99,Stock Check,033 CA Fashion Island,03/07/2026 08:08,MV-90335
4015,EAR-CL-TRP,Cluster Triple Stack,,3,48.99,Sales Order SO-4873,009 MA Newbury Street,03/03/2026 15:24,MV-90090
4011,EAR-ST-HRT,Star Heart Charm,,-1,18.99,Sales Order SO-4486,004 NY Hudson Yards,03/05/2026 14:26,MV-90038
4013,EAR-BZ-SLV,Bezel Set Silver,,1,34.99,Sales Order SO-4328,018 GA Lenox Square,03/02/2026 14:41,MV-90182
4020,EAR-CB-SQ,Cabochon Square,,-4,31.99,Sales Order SO-4078,006 NJ Garden State Plaza,03/06/2026 15:37,MV-90403
4013,EAR-BZ-SLV,Bezel Set Silver,,2,34.99,Sales Order SO-4638,032 CA Century City,03/06/2026 15:33,MV-90316
4001,EAR-TI-SLV,Tiny Silver Studs,,-1,22.99,Stock Check,005 NY Flatiron,03/03/2026 09:55,MV-90044
4005,EAR-FL-SLV,Flat Back Silver Labret,,-2,27.99,Stock Update,038 WA University Village,03/06/2026 15:34,MV-90375
4009,EAR-OP-PNK,Opal Pink Cabochon,,1,27.99,Sales Order SO-4327,030 NV Fashion Show,03/07/2026 11:42,MV-90301
4020,EAR-CB-SQ,Cabochon Square,,2,31.99,Stock Update,026 CO Cherry Creek,03/02/2026 08:13,MV-90263
4000,EAR-TI-GLD,Tiny Gold Studs,,1,24.99,Sales Order SO-4095,028 AZ Scottsdale Fashion,03/06/2026 10:26,MV-90283
4004,EAR-FL-GLD,Flat Back Gold Labret,,-1,29.99,Sales Order SO-4220,027 CO Park Meadows,03/02/2026 08:59,MV-90270
4020,EAR-CB-SQ,Cabochon Square,,1,31.99,Transfer T-836,031 CA Beverly Center,03/02/2026 14:13,MV-90423
4005,EAR-FL-SLV,Flat Back Silver Labret,,-1,27.99,Sales Order SO-4362,002 NY Williamsburg,03/05/2026 09:26,MV-90014
4018,EAR-DG-RND,Dangle Round Drop,,5,26.99,Sales Order SO-4750,013 DC Georgetown,03/06/2026 10:32,MV-90406
4005,EAR-FL-SLV,Flat Back Silver Labret,,-1,27.99,Stock Check,004 NY Hudson Yards,03/05/2026 14:43,MV-90035
4012,EAR-BZ-GLD,Bezel Set Gold,,3,36.99,Sales Order SO-4135,037 WA Bellevue Square,03/03/2026 09:38,MV-90427
4016,EAR-CH-LNK,Chain Link Drop,,-1,22.99,Sales Order SO-4118,027 CO Park Meadows,03/05/2026 14:39,MV-90276
4010,EAR-ST-MN,Star Moon Charm,,1,18.99,Stock Check,011 PA King of Prussia,03/04/2026 16:06,MV-90108
4018,EAR-DG-RND,Dangle Round Drop,,1,26.99,Stock Check,028 AZ Scottsdale Fashion,03/02/2026 08:14,MV-90280
4005,EAR-FL-SLV,Flat Back Silver Labret,,3,27.99,Goods In PO-2293,027 CO Park Meadows,03/05/2026 09:44,MV-90271
4003,EAR-HG-SLV,Huggie Silver Hoops,,-5,32.99,Stock Check,003 NY Upper East Side,03/06/2026 10:31,MV-90024
4017,EAR-CH-THR,Chain Threader,,1,22.99,Stock Update,022 TX Galleria,03/03/2026 09:59,MV-90218
4004,EAR-FL-GLD,Flat Back Gold Labret,,1,29.99,Sales Order SO-4410,001 NY SoHo,03/03/2026 15:58,MV-90002
4004,EAR-FL-GLD,Flat Back Gold Labret,,1,29.99,Sales Order SO-4450,025 MN Mall of America,03/03/2026 15:09,MV-90417
4000,EAR-TI-GLD,Tiny Gold Studs,,-1,24.99,Stock Check,026 CO Cherry Creek,03/06/2026 10:57,MV-90248
4000,EAR-TI-GLD,Tiny Gold Studs,,-3,24.99,Stock Check,015 FL Dadeland,03/02/2026 14:07,MV-90131
4019,EAR-DG-OVL,Dangle Oval Drop,,-2,28.99,Sales Order SO-4414,037 WA Bellevue Square,03/04/2026 16:14,MV-90478
4001,EAR-TI-SLV,Tiny Silver Studs,,2,22.99,Stock Check,015 FL Dadeland,03/06/2026 15:34,MV-90132
4023,EAR-PL-THK,Plain Thick Ring,,-2,16.99,Sales Order SO-4234,026 CO Cherry Creek,03/07/2026 11:51,MV-90266
4018,EAR-DG-RND,Dangle Round Drop,,-5,26.99,Stock Update,035 CA UTC San Diego,03/03/2026 09:06,MV-90354
4008,EAR-OP-WHT,Opal White Cabochon,,-1,25.99,Goods In PO-2442,016 FL Sawgrass,03/03/2026 09:51,MV-90469
4016,EAR-CH-LNK,Chain Link Drop,,-1,22.99,Stock Check,030 NV Fashion Show,03/02/2026 14:53,MV-90305
4017,EAR-CH-THR,Chain Threader,,1,22.99,Goods In PO-2895,026 CO Cherry Creek,03/02/2026 14:41,MV-90260
4004,EAR-FL-GLD,Flat Back Gold Labret,,-1,29.99,Sales Order SO-4210,024 IL Oakbrook,03/06/2026 15:06,MV-90239
4006,EAR-CZ-CLR,CZ Clear Round Stud,,2,19.99,Stock Update,020 TX NorthPark,03/06/2026 10:28,MV-90187
4013,EAR-BZ-SLV,Bezel Set Silver,,2,34.99,Sales Order SO-4989,033 CA Fashion Island,03/04/2026 16:35,MV-90329
4020,EAR-CB-SQ,Cabochon Square,,2,31.99,Stock Update,023 IL Michigan Ave,03/07/2026 11:27,MV-90233
4015,EAR-CL-TRP,Cluster Triple Stack,,3,48.99,Transfer T-265,025 MN Mall of America,03/02/2026 08:15,MV-90420
4010,EAR-ST-MN,Star Moon Charm,,1,18.99,Stock Check,030 NV Fashion Show,03/05/2026 14:00,MV-90302
4015,EAR-CL-TRP,Cluster Triple Stack,,-1,48.99,Goods In PO-2064,019 GA Avalon,03/02/2026 08:42,MV-90410
4016,EAR-CH-LNK,Chain Link Drop,,-1,22.99,Sales Order SO-4207,026 CO Cherry Creek,03/07/2026 11:58,MV-90259
4010,EAR-ST-MN,Star Moon Charm,,-2,18.99,Stock Update,034 CA Stanford,03/02/2026 08:02,MV-90340
4001,EAR-TI-SLV,Tiny Silver Studs,,-1,22.99,Stock Check,030 NV Fashion Show,03/03/2026 15:42,MV-90295
4016,EAR-CH-LNK,Chain Link Drop,,-5,22.99,Stock Update,026 CO Cherry Creek,03/05/2026 14:29,MV-90258
4012,EAR-BZ-GLD,Bezel Set Gold,,-2,36.99,Goods In PO-2085,034 CA Stanford,03/02/2026 14:41,MV-90483
4008,EAR-OP-WHT,Opal White Cabochon,,2,25.99,Goods In PO-2644,031 CA Beverly Center,03/04/2026 10:23,MV-90473
4023,EAR-PL-THK,Plain Thick Ring,,-1,16.99,Sales Order SO-4875,009 MA Newbury Street,03/05/2026 14:50,MV-90439
4001,EAR-TI-SLV,Tiny Silver Studs,,-2,22.99,Stock Update,017 FL International Plaza,03/04/2026 16:55,MV-90155
4015,EAR-CL-TRP,Cluster Triple Stack,,-1,48.99,Sales Order SO-4462,012 PA Rittenhouse,03/02/2026 08:03,MV-90124
4021,EAR-CB-TRI,Cabochon Triangle,,-1,31.99,Goods In PO-2917,029 AZ Biltmore,03/02/2026 08:51,MV-90293
4016,EAR-CH-LNK,Chain Link Drop,,1,22.99,Sales Order SO-4249,010 MA Burlington,03/02/2026 14:53,MV-90101
4010,EAR-ST-MN,Star Moon Charm,,3,18.99,Sales Order SO-4922,009 MA Newbury Street,03/02/2026 14:28,MV-90088
4019,EAR-DG-OVL,Dangle Oval Drop,,-3,28.99,Stock Update,033 CA Fashion Island,03/02/2026 08:51,MV-90334
4004,EAR-FL-GLD,Flat Back Gold Labret,,1,29.99,Sales Order SO-4813,037 WA Bellevue Square,03/03/2026 09:46,MV-90425
4006,EAR-CZ-CLR,CZ Clear Round Stud,,-2,19.99,Sales Order SO-4095,011 PA King of Prussia,03/07/2026 11:47,MV-90104
4006,EAR-CZ-CLR,CZ Clear Round Stud,,-2,19.99,Stock Check,007 NJ Short Hills,03/02/2026 14:55,MV-90061
4002,EAR-HG-GLD,Huggie Gold Hoops,,1,34.99,Stock Check,005 NY Flatiron,03/04/2026 16:13,MV-90045
4014,EAR-CL-DBL,Cluster Double Stack,,1,42.99,Goods In PO-2780,011 PA King of Prussia,03/06/2026 15:14,MV-90109
4015,EAR-CL-TRP,Cluster Triple Stack,,1,48.99,Stock Check,036 CA Santa Monica,03/02/2026 14:48,MV-90366
4021,EAR-CB-TRI,Cabochon Triangle,,2,31.99,Sales Order SO-4313,006 NJ Garden State Plaza,03/04/2026 16:27,MV-90398
4001,EAR-TI-SLV,Tiny Silver Studs,,-2,22.99,Sales Order SO-4760,003 NY Upper East Side,03/04/2026 10:18,MV-90023
4016,EAR-CH-LNK,Chain Link Drop,,-1,22.99,Sales Order SO-4698,023 IL Michigan Ave,03/07/2026 11:29,MV-90231
4013,EAR-BZ-SLV,Bezel Set Silver,,-4,34.99,Stock Check,012 PA Rittenhouse,03/02/2026 14:30,MV-90122
4023,EAR-PL-THK,Plain Thick Ring,,1,16.99,Stock Check,036 CA Santa Monica,03/06/2026 10:56,MV-90372
4013,EAR-BZ-SLV,Bezel Set Silver,,5,34.99,Sales Order SO-4830,025 MN Mall of America,03/07/2026 08:30,MV-90419
4014,EAR-CL-DBL,Cluster Double Stack,,2,42.99,Sales Order SO-4254,034 CA Stanford,03/03/2026 15:44,MV-90342
4022,EAR-PL-THN,Plain Thin Ring,,-1,14.99,Stock Check,021 TX Domain,03/06/2026 10:41,MV-90205
4003,EAR-HG-SLV,Huggie Silver Hoops,,1,32.99,Goods In PO-2635,038 WA University Village,03/03/2026 15:58,MV-90374
4017,EAR-CH-THR,Chain Threader,,-3,22.99,Sales Order SO-4301,030 NV Fashion Show,03/02/2026 08:20,MV-90307
4012,EAR-BZ-GLD,Bezel Set Gold,,1,36.99,Sales Order SO-4215,003 NY Upper East Side,03/07/2026 08:06,MV-90030
4023,EAR-PL-THK,Plain Thick Ring,,2,16.99,Stock Update,003 NY Upper East Side,03/07/2026 11:06,MV-90032
4022,EAR-PL-THN,Plain Thin Ring,,-2,14.99,Stock Update,034 CA Stanford,03/06/2026 10:21,MV-90345
4016,EAR-CH-LNK,Chain Link Drop,,1,22.99,Stock Update,011 PA King of Prussia,03/06/2026 15:59,MV-90111
4020,EAR-CB-SQ,Cabochon Square,,2,31.99,Stock Update,021 TX Domain,03/05/2026 09:58,MV-90204
4017,EAR-CH-THR,Chain Threader,,1,22.99,Sales Order SO-4836,020 TX NorthPark,03/06/2026 15:04,MV-90193
4006,EAR-CZ-CLR,CZ Clear Round Stud,,-2,19.99,Goods In PO-2891,009 MA Newbury Street,03/06/2026 15:43,MV-90085
4008,EAR-OP-WHT,Opal White Cabochon,,-5,25.99,Stock Update,016 FL Sawgrass,03/05/2026 14:11,MV-90148
4003,EAR-HG-SLV,Huggie Silver Hoops,,-2,32.99,Stock Update,007 NJ Short Hills,03/04/2026 16:11,MV-90059
4012,EAR-BZ-GLD,Bezel Set Gold,,-1,36.99,Goods In PO-2511,022 TX Galleria,03/07/2026 08:50,MV-90213
4007,EAR-CZ-BLK,CZ Black Round Stud,,1,19.99,Stock Update,023 IL Michigan Ave,03/04/2026 10:20,MV-90229
4011,EAR-ST-HRT,Star Heart Charm,,2,18.99,Stock Check,017 FL International Plaza,03/05/2026 14:01,MV-90161
4021,EAR-CB-TRI,Cabochon Triangle,,-1,31.99,Stock Update,026 CO Cherry Creek,03/06/2026 10:43,MV-90264
4008,EAR-OP-WHT,Opal White Cabochon,,-3,25.99,Stock Update,008 CT Westfield,03/04/2026 10:28,MV-90074
4023,EAR-PL-THK,Plain Thick Ring,,3,16.99,Stock Update,007 NJ Short Hills,03/03/2026 15:18,MV-90072
4004,EAR-FL-GLD,Flat Back Gold Labret,,3,29.99,Stock Update,020 TX NorthPark,03/03/2026 15:43,MV-90186
4010,EAR-ST-MN,Star Moon Charm,,-1,18.99,Stock Update,038 WA University Village,03/02/2026 08:09,MV-90379
4008,EAR-OP-WHT,Opal White Cabochon,,1,25.99,Sales Order SO-4488,040 HI Ala Moana,03/06/2026 15:56,MV-90432
4011,EAR-ST-HRT,Star Heart Charm,,1,18.99,Stock Check,009 MA Newbury Street,03/06/2026 15:19,MV-90089
4020,EAR-CB-SQ,Cabochon Square,,-3,31.99,Sales Order SO-4346,030 NV Fashion Show,03/06/2026 15:39,MV-90310
4002,EAR-HG-GLD,Huggie Gold Hoops,,3,34.99,Sales Order SO-4825,022 TX Galleria,03/02/2026 14:58,MV-90208
4021,EAR-CB-TRI,Cabochon Triangle,,-2,31.99,Stock Update,024 IL Oakbrook,03/06/2026 10:10,MV-90246
4011,EAR-ST-HRT,Star Heart Charm,,5,18.99,Goods In PO-2695,006 NJ Garden State Plaza,03/05/2026 14:28,MV-90400
4020,EAR-CB-SQ,Cabochon Square,,-2,31.99,Stock Update,011 PA King of Prussia,03/03/2026 09:47,MV-90115
4010,EAR-ST-MN,Star Moon Charm,,3,18.99,Sales Order SO-4109,036 CA Santa Monica,03/03/2026 15:07,MV-90365
4016,EAR-CH-LNK,Chain Link Drop,,3,22.99,Stock Check,004 NY Hudson Yards,03/03/2026 15:09,MV-90039
4023,EAR-PL-THK,Plain Thick Ring,,-3,16.99,Stock Check,021 TX Domain,03/05/2026 14:06,MV-90206
4012,EAR-BZ-GLD,Bezel Set Gold,,-1,36.99,Sales Order SO-4620,007 NJ Short Hills,03/06/2026 15:50,MV-90067
4002,EAR-HG-GLD,Huggie Gold Hoops,,-1,34.99,Stock Check,001 NY SoHo,03/05/2026 09:56,MV-90003
4019,EAR-DG-OVL,Dangle Oval Drop,,-4,28.99,Stock Update,008 CT Westfield,03/05/2026 14:59,MV-90077
4014,EAR-CL-DBL,Cluster Double Stack,,-2,42.99,Stock Update,034 CA Stanford,03/02/2026 08:43,MV-90341
4002,EAR-HG-GLD,Huggie Gold Hoops,,-3,34.99,Stock Check,024 IL Oakbrook,03/05/2026 09:01,MV-90237
4011,EAR-ST-HRT,Star Heart Charm,,-3,18.99,Transfer T-598,006 NJ Garden State Plaza,03/03/2026 09:41,MV-90401
4015,EAR-CL-TRP,Cluster Triple Stack,,-3,48.99,Goods In PO-2787,040 HI Ala Moana,03/05/2026 09:08,MV-90431
4017,EAR-CH-THR,Chain Threader,,1,22.99,Stock Update,005 NY Flatiron,03/07/2026 11:12,MV-90051
4015,EAR-CL-TRP,Cluster Triple Stack,,-3,48.99,Sales Order SO-4641,026 CO Cherry Creek,03/05/2026 14:01,MV-90257
4019,EAR-DG-OVL,Dangle Oval Drop,,-1,28.99,Sales Order SO-4482,037 WA Bellevue Square,03/05/2026 09:38,MV-90424
4003,EAR-HG-SLV,Huggie Silver Hoops,,-1,32.99,Sales Order SO-4966,023 IL Michigan Ave,03/03/2026 15:46,MV-90226
4000,EAR-TI-GLD,Tiny Gold Studs,,-2,24.99,Stock Update,004 NY Hudson Yards,03/06/2026 15:36,MV-90033
4001,EAR-TI-SLV,Tiny Silver Studs,,-1,22.99,Sales Order SO-4655,012 PA Rittenhouse,03/07/2026 08:59,MV-90444
4019,EAR-DG-OVL,Dangle Oval Drop,,-1,28.99,Sales Order SO-4177,007 NJ Short Hills,03/03/2026 09:00,MV-90071
4016,EAR-CH-LNK,Chain Link Drop,,3,22.99,Sales Order SO-4430,040 HI Ala Moana,03/03/2026 15:51,MV-90430
4023,EAR-PL-THK,Plain Thick Ring,,3,16.99,Stock Check,030 NV Fashion Show,03/07/2026 08:10,MV-90311
4001,EAR-TI-SLV,Tiny Silver Studs,,-2,22.99,Stock Update,016 FL Sawgrass,03/02/2026 14:36,MV-90144
4003,EAR-HG-SLV,Huggie Silver Hoops,,-3,32.99,Stock Check,039 OR Pioneer Place,03/05/2026 14:24,MV-90385
4014,EAR-CL-DBL,Cluster Double Stack,,-3,42.99,Sales Order SO-4922,022 TX Galleria,03/07/2026 11:56,MV-90215
4009,EAR-OP-PNK,Opal Pink Cabochon,,-3,27.99,Sales Order SO-4517,028 AZ Scottsdale Fashion,03/03/2026 09:40,MV-90284
4011,EAR-ST-HRT,Star Heart Charm,,-1,18.99,Sales Order SO-4517,017 FL International Plaza,03/05/2026 14:15,MV-90162
4001,EAR-TI-SLV,Tiny Silver Studs,,3,22.99,Goods In PO-2212,035 CA UTC San Diego,03/04/2026 16:15,MV-90346
4020,EAR-CB-SQ,Cabochon Square,,3,31.99,Sales Order SO-4512,017 FL International Plaza,03/02/2026 08:08,MV-90172
4023,EAR-PL-THK,Plain Thick Ring,,-1,16.99,Sales Order SO-4718,023 IL Michigan Ave,03/06/2026 10:38,MV-90235
4011,EAR-ST-HRT,Star Heart Charm,,1,18.99,Goods In PO-2532,020 TX NorthPark,03/02/2026 14:43,MV-90189
4021,EAR-CB-TRI,Cabochon Triangle,,-2,31.99,Stock Check,032 CA Century City,03/03/2026 09:39,MV-90318
4006,EAR-CZ-CLR,CZ Clear Round Stud,,-2,19.99,Stock Update,034 CA Stanford,03/05/2026 09:25,MV-90339
4007,EAR-CZ-BLK,CZ Black Round Stud,,2,19.99,Sales Order SO-4575,011 PA King of Prussia,03/04/2026 16:42,MV-90106
4018,EAR-DG-RND,Dangle Round Drop,,2,26.99,Sales Order SO-4925,026 CO Cherry Creek,03/07/2026 08:10,MV-90261
4014,EAR-CL-DBL,Cluster Double Stack,,2,42.99,Transfer T-140,019 GA Avalon,03/02/2026 14:45,MV-90412
4007,EAR-CZ-BLK,CZ Black Round Stud,,2,19.99,Goods In PO-2981,018 GA Lenox Square,03/03/2026 09:31,MV-90466
4011,EAR-ST-HRT,Star Heart Charm,,2,18.99,Goods In PO-2954,036 CA Santa Monica,03/02/2026 08:26,MV-90474
4019,EAR-DG-OVL,Dangle Oval Drop,,-3,28.99,Sales Order SO-4579,011 PA King of Prussia,03/07/2026 08:25,MV-90114
4018,EAR-DG-RND,Dangle Round Drop,,1,26.99,Transfer T-137,013 DC Georgetown,03/06/2026 10:57,MV-90404
4008,EAR-OP-WHT,Opal White Cabochon,,3,25.99,Stock Update,009 MA Newbury Street,03/05/2026 14:40,MV-90087
4017,EAR-CH-THR,Chain Threader,,1,22.99,Stock Update,024 IL Oakbrook,03/07/2026 08:08,MV-90242
4023,EAR-PL-THK,Plain Thick Ring,,-3,16.99,Sales Order SO-4134,010 MA Burlington,03/02/2026 08:22,MV-90103
4001,EAR-TI-SLV,Tiny Silver Studs,,1,22.99,Goods In PO-2043,029 AZ Biltmore,03/02/2026 08:10,MV-90287
4000,EAR-TI-GLD,Tiny Gold Studs,,1,24.99,Stock Update,005 NY Flatiron,03/05/2026 09:37,MV-90043
4019,EAR-DG-OVL,Dangle Oval Drop,,2,28.99,Stock Update,030 NV Fashion Show,03/02/2026 14:21,MV-90308
4015,EAR-CL-TRP,Cluster Triple Stack,,2,48.99,Stock Check,011 PA King of Prussia,03/06/2026 10:49,MV-90110
4001,EAR-TI-SLV,Tiny Silver Studs,,-5,22.99,Stock Check,012 PA Rittenhouse,03/03/2026 15:21,MV-90118
4017,EAR-CH-THR,Chain Threader,,2,22.99,Sales Order SO-4405,009 MA Newbury Street,03/04/2026 10:00,MV-90092
4019,EAR-DG-OVL,Dangle Oval Drop,,-1,28.99,Sales Order SO-4083,006 NJ Garden State Plaza,03/04/2026 10:46,MV-90402
4002,EAR-HG-GLD,Huggie Gold Hoops,,-2,34.99,Goods In PO-2113,035 CA UTC San Diego,03/03/2026 09:05,MV-90347
4019,EAR-DG-OVL,Dangle Oval Drop,,3,28.99,Stock Check,020 TX NorthPark,03/02/2026 08:18,MV-90195
4019,EAR-DG-OVL,Dangle Oval Drop,,-1,28.99,Stock Check,017 FL International Plaza,03/06/2026 10:23,MV-90171
4006,EAR-CZ-CLR,CZ Clear Round Stud,,3,19.99,Stock Check,030 NV Fashion Show,03/06/2026 15:02,MV-90298
4022,EAR-PL-THN,Plain Thin Ring,,-2,14.99,Sales Order SO-4256,039 OR Pioneer Place,03/07/2026 11:37,MV-90394
4010,EAR-ST-MN,Star Moon Charm,,-1,18.99,Sales Order SO-4075,007 NJ Short Hills,03/06/2026 15:40,MV-90064
4014,EAR-CL-DBL,Cluster Double Stack,,-1,42.99,Stock Update,020 TX NorthPark,03/06/2026 10:28,MV-90190
4021,EAR-CB-TRI,Cabochon Triangle,,-3,31.99,Transfer T-564,037 WA Bellevue Square,03/03/2026 15:24,MV-90426
4015,EAR-CL-TRP,Cluster Triple Stack,,3,48.99,Goods In PO-2902,030 NV Fashion Show,03/04/2026 16:34,MV-90304
4013,EAR-BZ-SLV,Bezel Set Silver,,-3,34.99,Stock Update,039 OR Pioneer Place,03/04/2026 10:13,MV-90391
4020,EAR-CB-SQ,Cabochon Square,,-2,31.99,Stock Update,034 CA Stanford,03/05/2026 09:32,MV-90343
4005,EAR-FL-SLV,Flat Back Silver Labret,,-2,27.99,Goods In PO-2055,007 NJ Short Hills,03/07/2026 11:08,MV-90060
4018,EAR-DG-RND,Dangle Round Drop,,-2,26.99,Stock Update,022 TX Galleria,03/03/2026 15:37,MV-90219
4003,EAR-HG-SLV,Huggie Silver Hoops,,-3,32.99,Stock Update,022 TX Galleria,03/06/2026 10:09,MV-90209
4001,EAR-TI-SLV,Tiny Silver Studs,,2,22.99,Sales Order SO-4588,015 FL Dadeland,03/03/2026 15:45,MV-90133
4022,EAR-PL-THN,Plain Thin Ring,,1,14.99,Stock Update,005 NY Flatiron,03/05/2026 14:45,MV-90056
4017,EAR-CH-THR,Chain Threader,,2,22.99,Stock Check,002 NY Williamsburg,03/02/2026 08:10,MV-90020
4010,EAR-ST-MN,Star Moon Charm,,-3,18.99,Goods In PO-2793,033 CA Fashion Island,03/05/2026 09:39,MV-90476
4012,EAR-BZ-GLD,Bezel Set Gold,,-1,36.99,Goods In PO-2668,018 GA Lenox Square,03/05/2026 14:41,MV-90181
4006,EAR-CZ-CLR,CZ Clear Round Stud,,-2,19.99,Stock Check,027 CO Park Meadows,03/02/2026 14:40,MV-90272
4008,EAR-OP-WHT,Opal White Cabochon,,-5,25.99,Stock Update,026 CO Cherry Creek,03/07/2026 11:29,MV-90254
4016,EAR-CH-LNK,Chain Link Drop,,-1,22.99,Sales Order SO-4323,030 NV Fashion Show,03/05/2026 09:37,MV-90464
4012,EAR-BZ-GLD,Bezel Set Gold,,5,36.99,Goods In PO-2788,037 WA Bellevue Square,03/07/2026 08:29,MV-90452
4008,EAR-OP-WHT,Opal White Cabochon,,2,25.99,Stock Update,002 NY Williamsburg,03/02/2026 08:25,MV-90015
4001,EAR-TI-SLV,Tiny Silver Studs,,-3,22.99,Sales Order SO-4311,010 MA Burlington,03/05/2026 14:07,MV-90095
4005,EAR-FL-SLV,Flat Back Silver Labret,,-1,27.99,Stock Check,033 CA Fashion Island,03/06/2026 10:01,MV-90323
4018,EAR-DG-RND,Dangle Round Drop,,-3,26.99,Sales Order SO-4907,015 FL Dadeland,03/02/2026 08:20,MV-90143
4018,EAR-DG-RND,Dangle Round Drop,,-1,26.99,Sales Order SO-4501,034 CA Stanford,03/03/2026 09:39,MV-90338
4010,EAR-ST-MN,Star Moon Charm,,-1,18.99,Stock Update,002 NY Williamsburg,03/03/2026 15:12,MV-90016
4003,EAR-HG-SLV,Huggie Silver Hoops,,-2,32.99,Stock Update,033 CA Fashion Island,03/07/2026 08:14,MV-90322
4021,EAR-CB-TRI,Cabochon Triangle,,-1,31.99,Sales Order SO-4510,013 DC Georgetown,03/04/2026 10:13,MV-90457
4012,EAR-BZ-GLD,Bezel Set Gold,,3,36.99,Goods In PO-2333,032 CA Century City,03/06/2026 10:29,MV-90315
4015,EAR-CL-TRP,Cluster Triple Stack,,-1,48.99,Stock Update,029 AZ Biltmore,03/05/2026 09:50,MV-90292
4017,EAR-CH-THR,Chain Threader,,-3,22.99,Stock Check,017 FL International Plaza,03/06/2026 10:18,MV-90168
4020,EAR-CB-SQ,Cabochon Square,,3,31.99,Sales Order SO-4677,005 NY Flatiron,03/06/2026 10:41,MV-90054
4004,EAR-FL-GLD,Flat Back Gold Labret,,-4,29.99,Sales Order SO-4587,031 CA Beverly Center,03/06/2026 15:09,MV-90421
4015,EAR-CL-TRP,Cluster Triple Stack,,-2,48.99,Stock Update,002 NY Williamsburg,03/03/2026 09:26,MV-90019
4012,EAR-BZ-GLD,Bezel Set Gold,,-1,36.99,Transfer T-515,023 IL Michigan Ave,03/06/2026 10:00,MV-90447
4022,EAR-PL-THN,Plain Thin Ring,,-1,14.99,Sales Order SO-4456,038 WA University Village,03/03/2026 15:57,MV-90383
4005,EAR-FL-SLV,Flat Back Silver Labret,,3,27.99,Sales Order SO-4004,006 NJ Garden State Plaza,03/04/2026 10:53,MV-90399
4005,EAR-FL-SLV,Flat Back Silver Labret,,2,27.99,Stock Check,002 NY Williamsburg,03/03/2026 15:06,MV-90013
4012,EAR-BZ-GLD,Bezel Set Gold,,3,36.99,Stock Check,007 NJ Short Hills,03/02/2026 14:15,MV-90066
4019,EAR-DG-OVL,Dangle Oval Drop,,-2,28.99,Stock Update,016 FL Sawgrass,03/06/2026 10:08,MV-90152
4010,EAR-ST-MN,Star Moon Charm,,3,18.99,Goods In PO-2734,018 GA Lenox Square,03/02/2026 14:43,MV-90180
4002,EAR-HG-GLD,Huggie Gold Hoops,,3,34.99,Stock Check,033 CA Fashion Island,03/02/2026 08:24,MV-90320
4022,EAR-PL-THN,Plain Thin Ring,,-3,14.99,Stock Check,022 TX Galleria,03/05/2026 09:48,MV-90222
4023,EAR-PL-THK,Plain Thick Ring,,-3,16.99,Stock Check,012 PA Rittenhouse,03/06/2026 10:09,MV-90126
4000,EAR-TI-GLD,Tiny Gold Studs,,-1,24.99,Stock Update,022 TX Galleria,03/06/2026 10:46,MV-90207
4012,EAR-BZ-GLD,Bezel Set Gold,,3,36.99,Transfer T-328,025 MN Mall of America,03/04/2026 16:52,MV-90415
4019,EAR-DG-OVL,Dangle Oval Drop,,2,28.99,Sales Order SO-4090,028 AZ Scottsdale Fashion,03/02/2026 14:38,MV-90442
4017,EAR-CH-THR,Chain Threader,,2,22.99,Transfer T-414,036 CA Santa Monica,03/07/2026 11:25,MV-90438
4015,EAR-CL-TRP,Cluster Triple Stack,,-2,48.99,Sales Order SO-4192,021 TX Domain,03/05/2026 14:13,MV-90202
4021,EAR-CB-TRI,Cabochon Triangle,,2,31.99,Stock Update,036 CA Santa Monica,03/07/2026 11:37,MV-90370
4011,EAR-ST-HRT,Star Heart Charm,,-5,18.99,Stock Check,005 NY Flatiron,03/04/2026 16:10,MV-90050
4003,EAR-HG-SLV,Huggie Silver Hoops,,-2,32.99,Stock Check,030 NV Fashion Show,03/03/2026 09:11,MV-90297
4008,EAR-OP-WHT,Opal White Cabochon,,-3,25.99,Sales Order SO-4854,003 NY Upper East Side,03/04/2026 16:37,MV-90028
4017,EAR-CH-THR,Chain Threader,,2,22.99,Sales Order SO-4850,005 NY Flatiron,03/07/2026 08:15,MV-90052
4000,EAR-TI-GLD,Tiny Gold Studs,,-1,24.99,Stock Update,002 NY Williamsburg,03/03/2026 15:04,MV-90009
4011,EAR-ST-HRT,Star Heart Charm,,-1,18.99,Stock Update,029 AZ Biltmore,03/02/2026 14:17,MV-90291
4001,EAR-TI-SLV,Tiny Silver Studs,,1,22.99,Stock Update,004 NY Hudson Yards,03/04/2026 10:18,MV-90034
4018,EAR-DG-RND,Dangle Round Drop,,-3,26.99,Stock Update,036 CA Santa Monica,03/05/2026 14:00,MV-90368
4011,EAR-ST-HRT,Star Heart Charm,,-3,18.99,Stock Update,026 CO Cherry Creek,03/05/2026 09:52,MV-90255
4007,EAR-CZ-BLK,CZ Black Round Stud,,2,19.99,Stock Update,035 CA UTC San Diego,03/02/2026 08:54,MV-90349
4008,EAR-OP-WHT,Opal White Cabochon,,3,25.99,Goods In PO-2986,015 FL Dadeland,03/06/2026 15:00,MV-90449
4004,EAR-FL-GLD,Flat Back Gold Labret,,2,29.99,Sales Order SO-4433,003 NY Upper East Side,03/04/2026 10:02,MV-90025
4005,EAR-FL-SLV,Flat Back Silver Labret,,-4,27.99,Stock Update,034 CA Stanford,03/04/2026 10:18,MV-90344
4014,EAR-CL-DBL,Cluster Double Stack,,-3,42.99,Stock Update,022 TX Galleria,03/06/2026 10:58,MV-90214
4002,EAR-HG-GLD,Huggie Gold Hoops,,3,34.99,Goods In PO-2426,038 WA University Village,03/06/2026 10:03,MV-90373
4007,EAR-CZ-BLK,CZ Black Round Stud,,-3,19.99,Stock Check,011 PA King of Prussia,03/03/2026 09:35,MV-90105
4015,EAR-CL-TRP,Cluster Triple Stack,,-5,48.99,Stock Check,023 IL Michigan Ave,03/04/2026 16:07,MV-90230
4002,EAR-HG-GLD,Huggie Gold Hoops,,-2,34.99,Stock Update,008 CT Westfield,03/03/2026 15:33,MV-90073
4005,EAR-FL-SLV,Flat Back Silver Labret,,-1,27.99,Goods In PO-2125,017 FL International Plaza,03/05/2026 14:15,MV-90157
4002,EAR-HG-GLD,Huggie Gold Hoops,,5,34.99,Goods In PO-2198,006 NJ Garden State Plaza,03/04/2026 16:39,MV-90397
4008,EAR-OP-WHT,Opal White Cabochon,,2,25.99,Stock Update,030 NV Fashion Show,03/05/2026 14:09,MV-90300
4006,EAR-CZ-CLR,CZ Clear Round Stud,,-1,19.99,Sales Order SO-4188,021 TX Domain,03/06/2026 10:30,MV-90197
4007,EAR-CZ-BLK,CZ Black Round Stud,,-3,19.99,Stock Update,029 AZ Biltmore,03/03/2026 09:02,MV-90290
4005,EAR-FL-SLV,Flat Back Silver Labret,,-1,27.99,Stock Check,018 GA Lenox Square,03/05/2026 09:52,MV-90175
4017,EAR-CH-THR,Chain Threader,,2,22.99,Sales Order SO-4483,013 DC Georgetown,03/05/2026 09:14,MV-90405
4006,EAR-CZ-CLR,CZ Clear Round Stud,,-3,19.99,Sales Order SO-4615,033 CA Fashion Island,03/02/2026 08:14,MV-90325
4014,EAR-CL-DBL,Cluster Double Stack,,-3,42.99,Sales Order SO-4657,010 MA Burlington,03/07/2026 08:38,MV-90100
4022,EAR-PL-THN,Plain Thin Ring,,1,14.99,Goods In PO-2529,027 CO Park Meadows,03/03/2026 09:23,MV-90278
4009,EAR-OP-PNK,Opal Pink Cabochon,,-1,27.99,Stock Update,036 CA Santa Monica,03/02/2026 08:57,MV-90364
4017,EAR-CH-THR,Chain Threader,,2,22.99,Sales Order SO-4461,017 FL International Plaza,03/06/2026 10:17,MV-90169
4004,EAR-FL-GLD,Flat Back Gold Labret,,-4,29.99,Stock Update,035 CA UTC San Diego,03/04/2026 10:41,MV-90348
4020,EAR-CB-SQ,Cabochon Square,,-1,31.99,Stock Check,030 NV Fashion Show,03/03/2026 09:46,MV-90309
4011,EAR-ST-HRT,Star Heart Charm,,-4,18.99,Transfer T-593,025 MN Mall of America,03/06/2026 10:56,MV-90416
4007,EAR-CZ-BLK,CZ Black Round Stud,,-3,19.99,Stock Check,030 NV Fashion Show,03/06/2026 15:14,MV-90299
4014,EAR-CL-DBL,Cluster Double Stack,,-1,42.99,Transfer T-689,012 PA Rittenhouse,03/02/2026 14:46,MV-90468
4000,EAR-TI-GLD,Tiny Gold Studs,,-3,24.99,Stock Check,030 NV Fashion Show,03/07/2026 08:20,MV-90294
4006,EAR-CZ-CLR,CZ Clear Round Stud,,-4,19.99,Stock Update,032 CA Century City,03/02/2026 14:48,MV-90312
4018,EAR-DG-RND,Dangle Round Drop,,2,26.99,Sales Order SO-4840,022 TX Galleria,03/05/2026 09:59,MV-90220
4017,EAR-CH-THR,Chain Threader,,2,22.99,Transfer T-480,003 NY Upper East Side,03/05/2026 14:57,MV-90460
4002,EAR-HG-GLD,Huggie Gold Hoops,,3,34.99,Stock Update,030 NV Fashion Show,03/05/2026 09:19,MV-90296
4015,EAR-CL-TRP,Cluster Triple Stack,,-2,48.99,Stock Check,033 CA Fashion Island,03/04/2026 10:43,MV-90330
4004,EAR-FL-GLD,Flat Back Gold Labret,,2,29.99,Sales Order SO-4053,005 NY Flatiron,03/04/2026 16:14,MV-90048
4010,EAR-ST-MN,Star Moon Charm,,1,18.99,Transfer T-363,008 CT Westfield,03/07/2026 11:28,MV-90451
4019,EAR-DG-OVL,Dangle Oval Drop,,1,28.99,Sales Order SO-4743,026 CO Cherry Creek,03/05/2026 09:41,MV-90262
4008,EAR-OP-WHT,Opal White Cabochon,,-1,25.99,Sales Order SO-4827,032 CA Century City,03/02/2026 08:27,MV-90313
4014,EAR-CL-DBL,Cluster Double Stack,,-3,42.99,Stock Check,017 FL International Plaza,03/04/2026 10:34,MV-90164
4012,EAR-BZ-GLD,Bezel Set Gold,,-5,36.99,Stock Update,021 TX Domain,03/04/2026 10:13,MV-90199
4016,EAR-CH-LNK,Chain Link Drop,,-1,22.99,Transfer T-902,019 GA Avalon,03/06/2026 15:10,MV-90445
4005,EAR-FL-SLV,Flat Back Silver Labret,,1,27.99,Transfer T-323,031 CA Beverly Center,03/03/2026 09:47,MV-90456
4004,EAR-FL-GLD,Flat Back Gold Labret,,-1,29.99,Stock Update,039 OR Pioneer Place,03/05/2026 14:10,MV-90386
4013,EAR-BZ-SLV,Bezel Set Silver,,3,34.99,Stock Update,015 FL Dadeland,03/02/2026 08:22,MV-90139
4013,EAR-BZ-SLV,Bezel Set Silver,,1,34.99,Stock Update,007 NJ Short Hills,03/06/2026 10:24,MV-90068
4008,EAR-OP-WHT,Opal White Cabochon,,3,25.99,Sales Order SO-4470,022 TX Galleria,03/07/2026 11:14,MV-90210
4013,EAR-BZ-SLV,Bezel Set Silver,,2,34.99,Stock Check,008 CT Westfield,03/02/2026 14:14,MV-90076
4021,EAR-CB-TRI,Cabochon Triangle,,-1,31.99,Goods In PO-2429,011 PA King of Prussia,03/04/2026 16:10,MV-90116
4017,EAR-CH-THR,Chain Threader,,-2,22.99,Sales Order SO-4797,004 NY Hudson Yards,03/03/2026 09:51,MV-90040
4003,EAR-HG-SLV,Huggie Silver Hoops,,-2,32.99,Goods In PO-2998,015 FL Dadeland,03/02/2026 14:33,MV-90136
4018,EAR-DG-RND,Dangle Round Drop,,5,26.99,Goods In PO-2538,009 MA Newbury Street,03/06/2026 10:02,MV-90462
4003,EAR-HG-SLV,Huggie Silver Hoops,,-2,32.99,Stock Check,009 MA Newbury Street,03/04/2026 16:23,MV-90083
4016,EAR-CH-LNK,Chain Link Drop,,-2,22.99,Stock Update,015 FL Dadeland,03/03/2026 09:04,MV-90141
4012,EAR-BZ-GLD,Bezel Set Gold,,5,36.99,Goods In PO-2253,020 TX NorthPark,03/07/2026 08:08,MV-90484
4006,EAR-CZ-CLR,CZ Clear Round Stud,,-3,19.99,Stock Update,038 WA University Village,03/04/2026 10:28,MV-90376
4009,EAR-OP-PNK,Opal Pink Cabochon,,-1,27.99,Sales Order SO-4248,018 GA Lenox Square,03/07/2026 08:14,MV-90179
4006,EAR-CZ-CLR,CZ Clear Round Stud,,3,19.99,Goods In PO-2929,019 GA Avalon,03/05/2026 14:58,MV-90411
4010,EAR-ST-MN,Star Moon Charm,,-3,18.99,Stock Check,010 MA Burlington,03/03/2026 15:54,MV-90098
4006,EAR-CZ-CLR,CZ Clear Round Stud,,-4,19.99,Stock Check,026 CO Cherry Creek,03/05/2026 09:28,MV-90251
4016,EAR-CH-LNK,Chain Link Drop,,-1,22.99,Sales Order SO-4811,016 FL Sawgrass,03/05/2026 14:01,MV-90151
4019,EAR-DG-OVL,Dangle Oval Drop,,3,28.99,Goods In PO-2599,036 CA Santa Monica,03/06/2026 10:49,MV-90369
4001,EAR-TI-SLV,Tiny Silver Studs,,-2,22.99,Stock Check,026 CO Cherry Creek,03/02/2026 08:17,MV-90249
4018,EAR-DG-RND,Dangle Round Drop,,1,26.99,Stock Check,002 NY Williamsburg,03/04/2026 10:59,MV-90021
4012,EAR-BZ-GLD,Bezel Set Gold,,1,36.99,Stock Update,034 CA Stanford,03/02/2026 14:31,MV-90336
4014,EAR-CL-DBL,Cluster Double Stack,,-3,42.99,Stock Check,007 NJ Short Hills,03/04/2026 10:55,MV-90069
4021,EAR-CB-TRI,Cabochon Triangle,,2,31.99,Sales Order SO-4617,018 GA Lenox Square,03/02/2026 14:59,MV-90184
4002,EAR-HG-GLD,Huggie Gold Hoops,,-1,34.99,Sales Order SO-4406,013 DC Georgetown,03/06/2026 15:43,MV-90407
4003,EAR-HG-SLV,Huggie Silver Hoops,,-2,32.99,Stock Update,002 NY Williamsburg,03/07/2026 11:59,MV-90011
4001,EAR-TI-SLV,Tiny Silver Studs,,-3,22.99,Stock Check,034 CA Stanford,03/04/2026 10:13,MV-90337
4005,EAR-FL-SLV,Flat Back Silver Labret,,2,27.99,Sales Order SO-4227,036 CA Santa Monica,03/02/2026 08:21,MV-90362
4003,EAR-HG-SLV,Huggie Silver Hoops,,5,32.99,Transfer T-792,008 CT Westfield,03/06/2026 15:00,MV-90459
4013,EAR-BZ-SLV,Bezel Set Silver,,2,34.99,Stock Check,017 FL International Plaza,03/02/2026 08:03,MV-90163
4000,EAR-TI-GLD,Tiny Gold Studs,,3,24.99,Stock Check,036 CA Santa Monica,03/02/2026 08:52,MV-90360
4002,EAR-HG-GLD,Huggie Gold Hoops,,2,34.99,Stock Update,026 CO Cherry Creek,03/03/2026 15:09,MV-90250
4008,EAR-OP-WHT,Opal White Cabochon,,-2,25.99,Stock Check,036 CA Santa Monica,03/06/2026 10:33,MV-90363
4021,EAR-CB-TRI,Cabochon Triangle,,-2,31.99,Stock Check,005 NY Flatiron,03/05/2026 14:06,MV-90055
4016,EAR-CH-LNK,Chain Link Drop,,3,22.99,Stock Update,027 CO Park Meadows,03/02/2026 08:15,MV-90275
4004,EAR-FL-GLD,Flat Back Gold Labret,,-2,29.99,Stock Update,008 CT Westfield,03/06/2026 15:32,MV-90079
4019,EAR-DG-OVL,Dangle Oval Drop,,-2,28.99,Stock Update,018 GA Lenox Square,03/05/2026 14:11,MV-90183
4017,EAR-CH-THR,Chain Threader,,2,22.99,Sales Order SO-4063,028 AZ Scottsdale Fashion,03/05/2026 09:42,MV-90285
4019,EAR-DG-OVL,Dangle Oval Drop,,-4,28.99,Stock Update,003 NY Upper East Side,03/05/2026 09:01,MV-90031
4022,EAR-PL-THN,Plain Thin Ring,,2,14.99,Sales Order SO-4143,017 FL International Plaza,03/04/2026 16:59,MV-90174
4008,EAR-OP-WHT,Opal White Cabochon,,1,25.99,Stock Update,038 WA University Village,03/05/2026 09:02,MV-90377
4023,EAR-PL-THK,Plain Thick Ring,,2,16.99,Sales Order SO-4240,039 OR Pioneer Place,03/02/2026 14:18,MV-90396
4000,EAR-TI-GLD,Tiny Gold Studs,,-2,24.99,Stock Update,008 CT Westfield,03/02/2026 08:18,MV-90081
4017,EAR-CH-THR,Chain Threader,,-1,22.99,Stock Check,033 CA Fashion Island,03/04/2026 10:41,MV-90332
4007,EAR-CZ-BLK,CZ Black Round Stud,,-4,19.99,Goods In PO-2323,015 FL Dadeland,03/07/2026 11:53,MV-90454
4009,EAR-OP-PNK,Opal Pink Cabochon,,-1,27.99,Stock Update,035 CA UTC San Diego,03/02/2026 14:54,MV-90350
4023,EAR-PL-THK,Plain Thick Ring,,2,16.99,Goods In PO-2092,005 NY Flatiron,03/04/2026 16:52,MV-90448
4004,EAR-FL-GLD,Flat Back Gold Labret,,2,29.99,Sales Order SO-4858,034 CA Stanford,03/04/2026 16:55,MV-90485
4016,EAR-CH-LNK,Chain Link Drop,,1,22.99,Sales Order SO-4538,038 WA University Village,03/06/2026 10:04,MV-90380
4005,EAR-FL-SLV,Flat Back Silver Labret,,2,27.99,Stock Check,036 CA Santa Monica,03/07/2026 11:28,MV-90361
4017,EAR-CH-THR,Chain Threader,,-2,22.99,Stock Update,012 PA Rittenhouse,03/06/2026 15:38,MV-90125
4005,EAR-FL-SLV,Flat Back Silver Labret,,-3,27.99,Goods In PO-2669,025 MN Mall of America,03/06/2026 10:16,MV-90414
4006,EAR-CZ-CLR,CZ Clear Round Stud,,-1,19.99,Sales Order SO-4480,007 NJ Short Hills,03/05/2026 14:28,MV-90062
4018,EAR-DG-RND,Dangle Round Drop,,-3,26.99,Stock Update,015 FL Dadeland,03/04/2026 10:12,MV-90142
4007,EAR-CZ-BLK,CZ Black Round Stud,,1,19.99,Stock Update,009 MA Newbury Street,03/05/2026 14:58,MV-90086
4022,EAR-PL-THN,Plain Thin Ring,,2,14.99,Stock Check,035 CA UTC San Diego,03/02/2026 14:56,MV-90357
4016,EAR-CH-LNK,Chain Link Drop,,-3,22.99,Sales Order SO-4583,017 FL International Plaza,03/06/2026 10:12,MV-90167
4003,EAR-HG-SLV,Huggie Silver Hoops,,-2,32.99,Goods In PO-2627,021 TX Domain,03/06/2026 10:16,MV-90465
4007,EAR-CZ-BLK,CZ Black Round Stud,,-3,19.99,Stock Check,012 PA Rittenhouse,03/05/2026 14:48,MV-90121
4002,EAR-HG-GLD,Huggie Gold Hoops,,-3,34.99,Stock Check,007 NJ Short Hills,03/02/2026 14:53,MV-90058
4021,EAR-CB-TRI,Cabochon Triangle,,-1,31.99,Stock Check,035 CA UTC San Diego,03/04/2026 16:39,MV-90355
4008,EAR-OP-WHT,Opal White Cabochon,,-4,25.99,Stock Update,003 NY Upper East Side,03/07/2026 11:57,MV-90027
4001,EAR-TI-SLV,Tiny Silver Studs,,1,22.99,Stock Check,020 TX NorthPark,03/05/2026 09:44,MV-90185
4021,EAR-CB-TRI,Cabochon Triangle,,-5,31.99,Stock Check,038 WA University Village,03/06/2026 10:52,MV-90382
4020,EAR-CB-SQ,Cabochon Square,,1,31.99,Goods In PO-2734,016 FL Sawgrass,03/06/2026 10:26,MV-90153
4007,EAR-CZ-BLK,CZ Black Round Stud,,2,19.99,Transfer T-956,013 DC Georgetown,03/03/2026 09:49,MV-90458
4021,EAR-CB-TRI,Cabochon Triangle,,-5,31.99,Stock Check,014 FL Aventura,03/05/2026 14:49,MV-90130
4003,EAR-HG-SLV,Huggie Silver Hoops,,-4,32.99,Transfer T-729,037 WA Bellevue Square,03/06/2026 10:32,MV-90428
4023,EAR-PL-THK,Plain Thick Ring,,3,16.99,Sales Order SO-4484,010 MA Burlington,03/05/2026 14:08,MV-90470
4019,EAR-DG-OVL,Dangle Oval Drop,,2,28.99,Sales Order SO-4243,028 AZ Scottsdale Fashion,03/05/2026 09:31,MV-90282
4000,EAR-TI-GLD,Tiny Gold Studs,,1,24.99,Sales Order SO-4954,003 NY Upper East Side,03/03/2026 09:16,MV-90022
4002,EAR-HG-GLD,Huggie Gold Hoops,,1,34.99,Stock Update,009 MA Newbury Street,03/02/2026 08:20,MV-90082
4016,EAR-CH-LNK,Chain Link Drop,,2,22.99,Stock Check,017 FL International Plaza,03/05/2026 09:23,MV-90166
4011,EAR-ST-HRT,Star Heart Charm,,-3,18.99,Stock Update,035 CA UTC San Diego,03/05/2026 14:39,MV-90352
4001,EAR-TI-SLV,Tiny Silver Studs,,3,22.99,Transfer T-284,031 CA Beverly Center,03/06/2026 15:36,MV-90422
4019,EAR-DG-OVL,Dangle Oval Drop,,-3,28.99,Stock Update,024 IL Oakbrook,03/03/2026 09:23,MV-90243
4008,EAR-OP-WHT,Opal White Cabochon,,1,25.99,Goods In PO-2681,011 PA King of Prussia,03/07/2026 11:03,MV-90107
4001,EAR-TI-SLV,Tiny Silver Studs,,-2,22.99,Stock Check,027 CO Park Meadows,03/03/2026 09:24,MV-90267
4008,EAR-OP-WHT,Opal White Cabochon,,-2,25.99,Sales Order SO-4636,005 NY Flatiron,03/03/2026 09:30,MV-90049
4001,EAR-TI-SLV,Tiny Silver Studs,,-1,22.99,Stock Update,024 IL Oakbrook,03/05/2026 09:40,MV-90236
4018,EAR-DG-RND,Dangle Round Drop,,1,26.99,Stock Update,010 MA Burlington,03/03/2026 15:21,MV-90102
4014,EAR-CL-DBL,Cluster Double Stack,,-2,42.99,Sales Order SO-4051,002 NY Williamsburg,03/02/2026 14:59,MV-90018
4001,EAR-TI-SLV,Tiny Silver Studs,,-1,22.99,Sales Order SO-4851,014 FL Aventura,03/07/2026 11:28,MV-90127
4018,EAR-DG-RND,Dangle Round Drop,,3,26.99,Sales Order SO-4493,002 NY Williamsburg,03/07/2026 08:50,MV-90453
4007,EAR-CZ-BLK,CZ Black Round Stud,,2,19.99,Stock Update,021 TX Domain,03/04/2026 10:54,MV-90198
4008,EAR-OP-WHT,Opal White Cabochon,,2,25.99,Transfer T-508,016 FL Sawgrass,03/02/2026 14:35,MV-90455
4010,EAR-ST-MN,Star Moon Charm,,-3,18.99,Stock Check,007 NJ Short Hills,03/02/2026 14:52,MV-90063
4021,EAR-CB-TRI,Cabochon Triangle,,1,31.99,Stock Update,001 NY SoHo,03/02/2026 14:24,MV-90007
4020,EAR-CB-SQ,Cabochon Square,,3,31.99,Stock Update,020 TX NorthPark,03/07/2026 08:46,MV-90196
4015,EAR-CL-TRP,Cluster Triple Stack,,1,48.99,Stock Update,014 FL Aventura,03/04/2026 10:51,MV-90129
4013,EAR-BZ-SLV,Bezel Set Silver,,-1,34.99,Sales Order SO-4194,010 MA Burlington,03/02/2026 14:54,MV-90099
4019,EAR-DG-OVL,Dangle Oval Drop,,1,28.99,Stock Update,009 MA Newbury Street,03/06/2026 15:47,MV-90093
4021,EAR-CB-TRI,Cabochon Triangle,,5,31.99,Transfer T-523,026 CO Cherry Creek,03/03/2026 09:23,MV-90437
4023,EAR-PL-THK,Plain Thick Ring,,1,16.99,Sales Order SO-4750,027 CO Park Meadows,03/02/2026 08:21,MV-90279
4010,EAR-ST-MN,Star Moon Charm,,-1,18.99,Sales Order SO-4688,004 NY Hudson Yards,03/03/2026 15:09,MV-90037
4014,EAR-CL-DBL,Cluster Double Stack,,-1,42.99,Sales Order SO-4689,021 TX Domain,03/06/2026 15:38,MV-90201
4007,EAR-CZ-BLK,CZ Black Round Stud,,-1,19.99,Stock Update,015 FL Dadeland,03/05/2026 09:55,MV-90137
4010,EAR-ST-MN,Star Moon Charm,,-3,18.99,Stock Update,003 NY Upper East Side,03/02/2026 08:19,MV-90029
4006,EAR-CZ-CLR,CZ Clear Round Stud,,1,19.99,Stock Update,008 CT Westfield,03/07/2026 11:10,MV-90075
4019,EAR-DG-OVL,Dangle Oval Drop,,-3,28.99,Stock Update,004 NY Hudson Yards,03/05/2026 14:08,MV-90042
4018,EAR-DG-RND,Dangle Round Drop,,2,26.99,Stock Update,017 FL International Plaza,03/03/2026 09:06,MV-90170
4013,EAR-BZ-SLV,Bezel Set Silver,,2,34.99,Stock Check,002 NY Williamsburg,03/05/2026 14:15,MV-90017
4003,EAR-HG-SLV,Huggie Silver Hoops,,-1,32.99,Stock Update,024 IL Oakbrook,03/05/2026 14:37,MV-90238
4016,EAR-CH-LNK,Chain Link Drop,,-3,22.99,Stock Check,020 TX NorthPark,03/05/2026 14:36,MV-90191
4012,EAR-BZ-GLD,Bezel Set Gold,,-2,36.99,Stock Check,026 CO Cherry Creek,03/04/2026 16:35,MV-90256
4010,EAR-ST-MN,Star Moon Charm,,-3,18.99,Stock Update,017 FL International Plaza,03/05/2026 14:32,MV-90160
4016,EAR-CH-LNK,Chain Link Drop,,3,22.99,Stock Check,022 TX Galleria,03/02/2026 08:59,MV-90216
4006,EAR-CZ-CLR,CZ Clear Round Stud,,-3,19.99,Sales Order SO-4294,018 GA Lenox Square,03/07/2026 11:05,MV-90176
4018,EAR-DG-RND,Dangle Round Drop,,-3,26.99,Stock Update,011 PA King of Prussia,03/03/2026 09:17,MV-90112
4007,EAR-CZ-BLK,CZ Black Round Stud,,2,19.99,Stock Check,026 CO Cherry Creek,03/05/2026 14:31,MV-90253
4006,EAR-CZ-CLR,CZ Clear Round Stud,,-4,19.99,Stock Update,001 NY SoHo,03/07/2026 08:56,MV-90008
4022,EAR-PL-THN,Plain Thin Ring,,2,14.99,Stock Update,036 CA Santa Monica,03/02/2026 14:24,MV-90371
4004,EAR-FL-GLD,Flat Back Gold Labret,,-2,29.99,Stock Update,005 NY Flatiron,03/02/2026 14:30,MV-90047
4006,EAR-CZ-CLR,CZ Clear Round Stud,,-1,19.99,Sales Order SO-4177,012 PA Rittenhouse,03/07/2026 08:04,MV-90120
4003,EAR-HG-SLV,Huggie Silver Hoops,,-4,32.99,Sales Order SO-4095,037 WA Bellevue Square,03/07/2026 08:41,MV-90429
4003,EAR-HG-SLV,Huggie Silver Hoops,,-2,32.99,Stock Update,023 IL Michigan Ave,03/05/2026 14:50,MV-90225
4011,EAR-ST-HRT,Star Heart Charm,,1,18.99,Stock Update,007 NJ Short Hills,03/03/2026 09:09,MV-90065
4012,EAR-BZ-GLD,Bezel Set Gold,,-2,36.99,Goods In PO-2586,039 OR Pioneer Place,03/06/2026 10:35,MV-90390
4001,EAR-TI-SLV,Tiny Silver Studs,,-1,22.99,Sales Order SO-4407,016 FL Sawgrass,03/04/2026 16:41,MV-90145
4018,EAR-DG-RND,Dangle Round Drop,,1,26.99,Stock Check,005 NY Flatiron,03/07/2026 08:38,MV-90053
4002,EAR-HG-GLD,Huggie Gold Hoops,,-1,34.99,Goods In PO-2464,010 MA Burlington,03/07/2026 08:47,MV-90096
4004,EAR-FL-GLD,Flat Back Gold Labret,,3,29.99,Stock Check,002 NY Williamsburg,03/03/2026 15:50,MV-90012
4008,EAR-OP-WHT,Opal White Cabochon,,2,25.99,Transfer T-533,017 FL International Plaza,03/06/2026 15:17,MV-90436
4005,EAR-FL-SLV,Flat Back Silver Labret,,-1,27.99,Sales Order SO-4652,003 NY Upper East Side,03/07/2026 11:28,MV-90026
4015,EAR-CL-TRP,Cluster Triple Stack,,-1,48.99,Stock Update,008 CT Westfield,03/04/2026 10:26,MV-90078
4002,EAR-HG-GLD,Huggie Gold Hoops,,-1,34.99,Goods In PO-2685,002 NY Williamsburg,03/03/2026 15:34,MV-90010
4014,EAR-CL-DBL,Cluster Double Stack,,-3,42.99,Sales Order SO-4441,017 FL International Plaza,03/03/2026 09:56,MV-90165
4008,EAR-OP-WHT,Opal White Cabochon,,-2,25.99,Stock Update,039 OR Pioneer Place,03/04/2026 10:43,MV-90388
4017,EAR-CH-THR,Chain Threader,,-4,22.99,Sales Order SO-4418,040 HI Ala Moana,03/06/2026 15:33,MV-90433
4022,EAR-PL-THN,Plain Thin Ring,,-1,14.99,Sales Order SO-4707,032 CA Century City,03/03/2026 15:03,MV-90319
4023,EAR-PL-THK,Plain Thick Ring,,2,16.99,Sales Order SO-4537,035 CA UTC San Diego,03/07/2026 11:36,MV-90359
4023,EAR-PL-THK,Plain Thick Ring,,2,16.99,Stock Check,039 OR Pioneer Place,03/04/2026 16:22,MV-90395
4019,EAR-DG-OVL,Dangle Oval Drop,,3,28.99,Sales Order SO-4689,023 IL Michigan Ave,03/07/2026 08:19,MV-90232
4015,EAR-CL-TRP,Cluster Triple Stack,,-1,48.99,Sales Order SO-4151,032 CA Century City,03/02/2026 14:36,MV-90317
4020,EAR-CB-SQ,Cabochon Square,,1,31.99,Goods In PO-2737,034 CA Stanford,03/04/2026 10:35,MV-90471
4009,EAR-OP-PNK,Opal Pink Cabochon,,-1,27.99,Stock Check,033 CA Fashion Island,03/05/2026 09:54,MV-90327
4023,EAR-PL-THK,Plain Thick Ring,,2,16.99,Stock Check,005 NY Flatiron,03/06/2026 15:51,MV-90057
4009,EAR-OP-PNK,Opal Pink Cabochon,,1,27.99,Stock Update,016 FL Sawgrass,03/02/2026 14:51,MV-90149
4022,EAR-PL-THN,Plain Thin Ring,,2,14.99,Goods In PO-2219,011 PA King of Prussia,03/06/2026 10:39,MV-90440
4022,EAR-PL-THN,Plain Thin Ring,,3,14.99,Stock Update,009 MA Newbury Street,03/06/2026 15:51,MV-90094
4006,EAR-CZ-CLR,CZ Clear Round Stud,,1,19.99,Stock Check,004 NY Hudson Yards,03/07/2026 11:10,MV-90036
4001,EAR-TI-SLV,Tiny Silver Studs,,1,22.99,Transfer T-728,025 MN Mall of America,03/07/2026 11:38,MV-90443
4013,EAR-BZ-SLV,Bezel Set Silver,,2,34.99,Goods In PO-2717,014 FL Aventura,03/05/2026 09:17,MV-90467
4011,EAR-ST-HRT,Star Heart Charm,,-2,18.99,Sales Order SO-4353,015 FL Dadeland,03/06/2026 15:47,MV-90138
4007,EAR-CZ-BLK,CZ Black Round Stud,,1,19.99,Stock Update,027 CO Park Meadows,03/04/2026 10:05,MV-90273
4019,EAR-DG-OVL,Dangle Oval Drop,,-2,28.99,Stock Update,038 WA University Village,03/04/2026 16:14,MV-90381
4018,EAR-DG-RND,Dangle Round Drop,,2,26.99,Stock Check,033 CA Fashion Island,03/03/2026 15:09,MV-90333
4003,EAR-HG-SLV,Huggie Silver Hoops,,-3,32.99,Sales Order SO-4511,016 FL Sawgrass,03/06/2026 10:24,MV-90146
4014,EAR-CL-DBL,Cluster Double Stack,,3,42.99,Goods In PO-2601,024 IL Oakbrook,03/03/2026 09:11,MV-90480
4010,EAR-ST-MN,Star Moon Charm,,-5,18.99,Stock Update,035 CA UTC San Diego,03/07/2026 08:41,MV-90351
4021,EAR-CB-TRI,Cabochon Triangle,,2,31.99,Sales Order SO-4901,035 CA UTC San Diego,03/07/2026 11:57,MV-90356
4009,EAR-OP-PNK,Opal Pink Cabochon,,3,27.99,Sales Order SO-4206,032 CA Century City,03/06/2026 15:16,MV-90314
4018,EAR-DG-RND,Dangle Round Drop,,1,26.99,Stock Update,039 OR Pioneer Place,03/03/2026 09:11,MV-90392
4022,EAR-PL-THN,Plain Thin Ring,,-1,14.99,Stock Check,026 CO Cherry Creek,03/02/2026 14:55,MV-90265
4015,EAR-CL-TRP,Cluster Triple Stack,,2,48.99,Stock Update,012 PA Rittenhouse,03/04/2026 16:32,MV-90123
4002,EAR-HG-GLD,Huggie Gold Hoops,,2,34.99,Sales Order SO-4798,033 CA Fashion Island,03/03/2026 15:54,MV-90321
4016,EAR-CH-LNK,Chain Link Drop,,-1,22.99,Sales Order SO-4920,022 TX Galleria,03/06/2026 10:36,MV-90217
4018,EAR-DG-RND,Dangle Round Drop,,-1,26.99,Stock Check,004 NY Hudson Yards,03/02/2026 08:35,MV-90041
4002,EAR-HG-GLD,Huggie Gold Hoops,,-1,34.99,Sales Order SO-4246,015 FL Dadeland,03/06/2026 15:26,MV-90135
4019,EAR-DG-OVL,Dangle Oval Drop,,3,28.99,Stock Check,011 PA King of Prussia,03/04/2026 16:22,MV-90113
4018,EAR-DG-RND,Dangle Round Drop,,1,26.99,Sales Order SO-4717,020 TX NorthPark,03/02/2026 14:59,MV-90194
4013,EAR-BZ-SLV,Bezel Set Silver,,3,34.99,Sales Order SO-4867,021 TX Domain,03/06/2026 10:46,MV-90200
4015,EAR-CL-TRP,Cluster Triple Stack,,-3,48.99,Sales Order SO-4344,033 CA Fashion Island,03/04/2026 10:40,MV-90331
4009,EAR-OP-PNK,Opal Pink Cabochon,,2,27.99,Sales Order SO-4866,038 WA University Village,03/04/2026 10:00,MV-90378
4016,EAR-CH-LNK,Chain Link Drop,,1,22.99,Stock Update,036 CA Santa Monica,03/05/2026 14:29,MV-90367
4005,EAR-FL-SLV,Flat Back Silver Labret,,1,27.99,Stock Check,009 MA Newbury Street,03/06/2026 15:43,MV-90084
4007,EAR-CZ-BLK,CZ Black Round Stud,,-3,19.99,Stock Check,014 FL Aventura,03/07/2026 08:46,MV-90128
4018,EAR-DG-RND,Dangle Round Drop,,-1,26.99,Sales Order SO-4985,021 TX Domain,03/07/2026 11:48,MV-90203
4002,EAR-HG-GLD,Huggie Gold Hoops,,-2,34.99,Stock Update,023 IL Michigan Ave,03/02/2026 14:10,MV-90224
4003,EAR-HG-SLV,Huggie Silver Hoops,,-2,32.99,Stock Update,029 AZ Biltmore,03/07/2026 11:25,MV-90288
4010,EAR-ST-MN,Star Moon Charm,,3,18.99,Stock Update,022 TX Galleria,03/07/2026 08:54,MV-90211
4004,EAR-FL-GLD,Flat Back Gold Labret,,-3,29.99,Stock Update,010 MA Burlington,03/06/2026 15:47,MV-90097
4016,EAR-CH-LNK,Chain Link Drop,,-1,22.99,Sales Order SO-4688,020 TX NorthPark,03/04/2026 10:46,MV-90192
4000,EAR-TI-GLD,Tiny Gold Studs,,-3,24.99,Goods In PO-2240,009 MA Newbury Street,03/03/2026 15:10,MV-90481
4013,EAR-BZ-SLV,Bezel Set Silver,,-1,34.99,Stock Update,001 NY SoHo,03/04/2026 10:08,MV-90004
4005,EAR-FL-SLV,Flat Back Silver Labret,,-2,27.99,Goods In PO-2526,013 DC Georgetown,03/03/2026 09:36,MV-90408
4002,EAR-HG-GLD,Huggie Gold Hoops,,-2,34.99,Sales Order SO-4543,012 PA Rittenhouse,03/04/2026 16:22,MV-90119
4018,EAR-DG-RND,Dangle Round Drop,,-4,26.99,Sales Order SO-4407,004 NY Hudson Yards,03/03/2026 15:52,MV-90472
4012,EAR-BZ-GLD,Bezel Set Gold,,1,36.99,Sales Order SO-4912,016 FL Sawgrass,03/07/2026 11:45,MV-90150
4018,EAR-DG-RND,Dangle Round Drop,,5,26.99,Transfer T-249,013 DC Georgetown,03/04/2026 16:02,MV-90409
4019,EAR-DG-OVL,Dangle Oval Drop,,-3,28.99,Stock Update,022 TX Galleria,03/04/2026 10:10,MV-90221
4020,EAR-CB-SQ,Cabochon Square,,-1,31.99,Sales Order SO-4687,039 OR Pioneer Place,03/06/2026 10:29,MV-90393
4022,EAR-PL-THN,Plain Thin Ring,,-3,14.99,Sales Order SO-4164,004 NY Hudson Yards,03/03/2026 09:30,MV-90441
4023,EAR-PL-THK,Plain Thick Ring,,1,16.99,Stock Check,016 FL Sawgrass,03/07/2026 08:04,MV-90154
4020,EAR-CB-SQ,Cabochon Square,,-1,31.99,Sales Order SO-4433,024 IL Oakbrook,03/03/2026 09:31,MV-90245
4005,EAR-FL-SLV,Flat Back Silver Labret,,1,27.99,Stock Update,039 OR Pioneer Place,03/07/2026 11:25,MV-90387
4006,EAR-CZ-CLR,CZ Clear Round Stud,,-3,19.99,Sales Order SO-4412,026 CO Cherry Creek,03/06/2026 10:47,MV-90252
4014,EAR-CL-DBL,Cluster Double Stack,,3,42.99,Goods In PO-2467,035 CA UTC San Diego,03/05/2026 09:44,MV-90353
4017,EAR-CH-THR,Chain Threader,,-5,22.99,Stock Update,001 NY SoHo,03/06/2026 10:31,MV-90005
4018,EAR-DG-RND,Dangle Round Drop,,1,26.99,Transfer T-882,018 GA Lenox Square,03/05/2026 09:14,MV-90461
4007,EAR-CZ-BLK,CZ Black Round Stud,,3,19.99,Goods In PO-2989,024 IL Oakbrook,03/06/2026 15:24,MV-90241
4004,EAR-FL-GLD,Flat Back Gold Labret,,-1,29.99,Sales Order SO-4720,016 FL Sawgrass,03/05/2026 14:13,MV-90147
4007,EAR-CZ-BLK,CZ Black Round Stud,,-3,19.99,Stock Check,018 GA Lenox Square,03/07/2026 08:16,MV-90177
4009,EAR-OP-PNK,Opal Pink Cabochon,,2,27.99,Sales Order SO-4646,030 NV Fashion Show,03/05/2026 09:40,MV-90477
4010,EAR-ST-MN,Star Moon Charm,,3,18.99,Sales Order SO-4418,040 HI Ala Moana,03/07/2026 08:37,MV-90435
4011,EAR-ST-HRT,Star Heart Charm,,1,18.99,Stock Check,039 OR Pioneer Place,03/02/2026 08:35,MV-90389
4005,EAR-FL-SLV,Flat Back Silver Labret,,-3,27.99,Transfer T-716,025 MN Mall of America,03/07/2026 08:14,MV-90418
4002,EAR-HG-GLD,Huggie Gold Hoops,,-2,34.99,Stock Check,027 CO Park Meadows,03/04/2026 16:34,MV-90268
4003,EAR-HG-SLV,Huggie Silver Hoops,,-2,32.99,Stock Check,001 NY SoHo,03/05/2026 09:17,MV-90001
4017,EAR-CH-THR,Chain Threader,,-3,22.99,Sales Order SO-4881,001 NY SoHo,03/02/2026 14:09,MV-90006
4003,EAR-HG-SLV,Huggie Silver Hoops,,2,32.99,Stock Check,017 FL International Plaza,03/05/2026 09:08,MV-90156
4011,EAR-ST-HRT,Star Heart Charm,,-3,18.99,Stock Update,008 CT Westfield,03/04/2026 10:49,MV-90080
4002,EAR-HG-GLD,Huggie Gold Hoops,,2,34.99,Stock Update,015 FL Dadeland,03/04/2026 10:27,MV-90134
4011,EAR-ST-HRT,Star Heart Charm,,3,18.99,Goods In PO-2386,022 TX Galleria,03/02/2026 08:40,MV-90212
4008,EAR-OP-WHT,Opal White Cabochon,,2,25.99,Stock Update,020 TX NorthPark,03/02/2026 08:53,MV-90188
4006,EAR-CZ-CLR,CZ Clear Round Stud,,-2,19.99,Goods In PO-2968,017 FL International Plaza,03/06/2026 15:26,MV-90158
4005,EAR-FL-SLV,Flat Back Silver Labret,,-3,27.99,Stock Update,023 IL Michigan Ave,03/03/2026 09:19,MV-90227
4003,EAR-HG-SLV,Huggie Silver Hoops,,2,32.99,Stock Check,005 NY Flatiron,03/04/2026 10:48,MV-90046
4016,EAR-CH-LNK,Chain Link Drop,,1,22.99,Transfer T-380,019 GA Avalon,03/06/2026 15:34,MV-90413
4000,EAR-TI-GLD,Tiny Gold Studs,,-4,24.99,Stock Check,012 PA Rittenhouse,03/06/2026 10:05,MV-90117
4003,EAR-HG-SLV,Huggie Silver Hoops,,-2,32.99,Sales Order SO-4888,023 IL Michigan Ave,03/04/2026 10:22,MV-90475
4022,EAR-PL-THN,Plain Thin Ring,,1,14.99,Sales Order SO-4862,024 IL Oakbrook,03/04/2026 16:00,MV-90247
4008,EAR-OP-WHT,Opal White Cabochon,,-1,25.99,Stock Check,018 GA Lenox Square,03/06/2026 10:44,MV-90178
4007,EAR-CZ-BLK,CZ Black Round Stud,,-3,19.99,Stock Update,017 FL International Plaza,03/03/2026 09:52,MV-90159
4015,EAR-CL-TRP,Cluster Triple Stack,,3,48.99,Stock Update,027 CO Park Meadows,03/04/2026 10:44,MV-90274
4016,EAR-CH-LNK,Chain Link Drop,,5,22.99,Sales Order SO-4403,023 IL Michigan Ave,03/02/2026 14:44,MV-90463
4013,EAR-BZ-SLV,Bezel Set Silver,,-3,34.99,Stock Check,033 CA Fashion Island,03/06/2026 15:06,MV-90328
4004,EAR-FL-GLD,Flat Back Gold Labret,,-2,29.99,Stock Update,027 CO Park Meadows,03/02/2026 08:37,MV-90269
4001,EAR-TI-SLV,Tiny Silver Studs,,3,22.99,Goods In PO-2142,023 IL Michigan Ave,03/04/2026 10:17,MV-90223
4005,EAR-FL-SLV,Flat Back Silver Labret,,-2,27.99,Stock Update,029 AZ Biltmore,03/04/2026 16:13,MV-90289
4008,EAR-OP-WHT,Opal White Cabochon,,-3,25.99,Transfer T-209,012 PA Rittenhouse,03/06/2026 10:18,MV-90450
4008,EAR-OP-WHT,Opal White Cabochon,,1,25.99,Stock Check,033 CA Fashion Island,03/07/2026 11:45,MV-90326
4000,EAR-TI-GLD,Tiny Gold Studs,,3,24.99,Stock Check,039 OR Pioneer Place,03/06/2026 10:06,MV-90384
4006,EAR-CZ-CLR,CZ Clear Round Stud,,2,19.99,Stock Update,033 CA Fashion Island,03/05/2026 14:58,MV-90324
4021,EAR-CB-TRI,Cabochon Triangle,,-5,31.99,Stock Check,023 IL Michigan Ave,03/06/2026 15:25,MV-90234
4017,EAR-CH-THR,Chain Threader,,-1,22.99,Stock Update,030 NV Fashion Show,03/03/2026 09:28,MV-90306
4012,EAR-BZ-GLD,Bezel Set Gold,,1,36.99,Sales Order SO-4805,030 NV Fashion Show,03/02/2026 08:24,MV-90303
4017,EAR-CH-THR,Chain Threader,,-1,22.99,Stock Check,009 MA Newbury Street,03/07/2026 11:18,MV-90091
4012,EAR-BZ-GLD,Bezel Set Gold,,-4,36.99,Goods In PO-2065,007 NJ Short Hills,03/02/2026 08:49,MV-90482
4023,EAR-PL-THK,Plain Thick Ring,,-3,16.99,Stock Check,035 CA UTC San Diego,03/07/2026 08:20,MV-90358
4017,EAR-CH-THR,Chain Threader,,-2,22.99,Sales Order SO-4970,007 NJ Short Hills,03/07/2026 08:13,MV-90070
4005,EAR-FL-SLV,Flat Back Silver Labret,,-1,27.99,Sales Order SO-4340,023 IL Michigan Ave,03/06/2026 15:24,MV-90228
4015,EAR-CL-TRP,Cluster Triple Stack,,-1,48.99,Sales Order SO-4001,028 AZ Scottsdale Fashion,03/07/2026 08:24,MV-90281
4014,EAR-CL-DBL,Cluster Double Stack,,-2,42.99,Stock Update,015 FL Dadeland,03/07/2026 08:29,MV-90140
4010,EAR-ST-MN,Star Moon Charm,,3,18.99,Goods In PO-2298,021 TX Domain,03/04/2026 10:56,MV-90479
4020,EAR-CB-SQ,Cabochon Square,,-2,31.99,Stock Update,027 CO Park Meadows,03/02/2026 14:00,MV-90277
4021,EAR-CB-TRI,Cabochon Triangle,,-2,31.99,Sales Order SO-4368,003 NY Upper East Side,03/02/2026 14:17,MV-90446
4006,EAR-CZ-CLR,CZ Clear Round Stud,,2,19.99,Stock Update,024 IL Oakbrook,03/04/2026 16:20,MV-90240
4020,EAR-CB-SQ,Cabochon Square,,3,31.99,Stock Check,024 IL Oakbrook,03/05/2026 09:38,MV-90244
